{"cameraMode":{"drawMode":0,"name":"Shaded","section":"Shading Mode"},"sceneLighting":false,"audioPlay":false,"sceneViewState":{"m_AlwaysRefresh":false,"showFog":true,"showSkybox":false,"showFlares":true,"showImageEffects":true,"showParticleSystems":true,"showVisualEffectGraphs":true,"m_FxEnabled":true},"in2DMode":false,"pivot":{"x":0.0014663692563772202,"y":0.1361890733242035,"z":0.0001517869532108307},"rotation":{"x":0.14453880488872529,"y":-0.7287517189979553,"z":0.1621990203857422,"w":0.6494185924530029},"size":0.14062203466892243,"orthographic":false}