{"cameraMode":{"drawMode":0,"name":"Shaded","section":"Shading Mode"},"sceneLighting":false,"audioPlay":false,"sceneViewState":{"m_AlwaysRefresh":false,"showFog":true,"showSkybox":false,"showFlares":true,"showImageEffects":true,"showParticleSystems":true,"showVisualEffectGraphs":true,"m_FxEnabled":true},"in2DMode":false,"pivot":{"x":0.0014663692563772202,"y":0.1361890733242035,"z":0.0001517869532108307},"rotation":{"x":0.31832218170166018,"y":0.12661676108837129,"z":-0.04294091835618019,"w":0.9385148882865906},"size":0.14062203466892243,"orthographic":false}